Було ,Стало
"Практичний курс

Як почати інвестувати і накопичити
перші
100 000$
капіталу у 2026 році
навіть під час кризи
з вкладеннями 30$/місяць
без досвіду в фінансах","3 денний інтенсив

За 3 дні покажу, як зібрати портфель, що приносить пасивний дохід  навіть якщо ти ніколи не інвестував

На цьому інтенсиві ти отримаєш:

Готову стратегію, яка захищає гроші від інфляції (а не просто лежать на картці)
Покроковий план, як стартувати у 2026 без хайпу і ""гарячих"" порад з телеграму
Розбір мого реального портфелю  18% річних, +$20.000 пасиву за 6 років."
,
"Вам точно підійде міні курси, якщо ви:","Вам точно підійде інстенсив, якщо ви:"
,
"Що на вас чекає
на міні курсу","Що на вас чекає
на інтенсиві:"
3 ефіри в записі,3 ефіри 
,
"Ви теж можете вийти на щомісячний пасивний дохід
навіть під час кризи.
На курсі будемо розбирати, як ситуація у світі впливає на ваш капітал та як його збільшувати навіть у складні часи","Ви теж можете вийти на щомісячний пасивний дохід, якщо матимете чітку систему
На інтенсиві будемо розбирати, як аналізувати та формувати власний інвестиційний портфель, який буде примножувати в доході, а не створювати головний біль. Навіть під час світової кризи, яка насувається."
,
Програма міні курсу:,Програма інтенсиву:
,
"ДЕНЬ 1
Тема: Складна економіка простою мовою
Зрозумієте, які правила гри на економічному ринку та як знаючи ці правила примножувати дохід навіть під час кризи
Розберемо що відбувається з цінами у світі, чому така висока волатильність?
Що відбувається з активами і пасивами под час кризи
Планова криза це погано чи добре? Хто на ній заробить?
Розбираємось чому гроші під подушкою в 2026 році - це не шанс зберегти, а прямий шлях до втрати всього, що накопичив
P.S.: І навіть якщо ви гуманітарій вас це теж стосується 🤭","День 1
Тема: Розберемо готову стратегію, яка захищає гроші від інфляції (а не просто лежать на картці)
Зрозумієте, які існують класи активів, в які можна інвестувати. 
Пройдемось по базі - що таке інвестиції. 
Отримаєте практичне домашнє завдання, щоб закріпити отримаі знання на практиці."
,
"ДЕНЬ 2
Тема: Яку фінансову стратегію обрати під час кризи
Які активи варто зберігати під час кризи? А які потрібно було ще вчора продати
Як зараз зберігати ваші активи в нинішніх умовах
Антикризова стратегія збереження доходів (диверсифікація доходів)
Чому турбулентність на ринку - це найкращий час для входу саме вам","День 2
Тема: Покроковий план, як стартувати у 2026 без хайпу і ""гарячих"" порад з телеграму.
Дізнаєтесь, що потрібно для того щоб почати інвестувати, окрім грошей. 
Де реєструватись та через які сервіси поповнювати рахунок. 
Зрозумієте, як аналізувати активи перед покупкою в свій портфель. 
Розберетесь за яким принципом створювати інвестиційний портфель, щоб він приносив дохід, а не проблеми
Домашнє завдання, яке покладе старт у формуванні вашого портфелю"
,
"ДЕНЬ 3
Тема: Як почати формувати пасивний дохід вже сьогодні
Відкриваємо ваш перший брокерський рахунок
Купуємо перші активи
Розбираємо, як виводити та заводити кошти на брокерські рахунки
Ділюсь особистою стратегією в кризовий час","День 3
Тема: Розбір мого реального портфелю, який приносить 18% річних, +$20.000 пасиву за 6 років.
Детально розберу свою стратегію інвестування, то покажу свій портфель, який працює на мене останні 6 років
Розберемо 2 портфелі відомих інвесторів
Як реагувати на новини в світі аби не втрачати гроші та не панікувати
Практичне домашнє завдання, яке навчить критичному мисленню в інвестуванні"
,
"Тариф
Спеціальна пропозиція
Міні-курс
Повна інвестиційна стратегія
3 практичні ефіри / уроки
Доступ до платформи та лідерборду
Перевірка домашніх завдань куратором
Шаблони таблиць для розрахунків
$19$9
Акція діє ще: 23:47:08
Придбати участь","Тариф
Спеціальна пропозиція
3 прямі ефіри
Домашнє завдання з перевіркою
Додаткові матеріали і таблиці для легшого засвоєння інформації
Акція діє ще 24 години
Придбати участь
9$ (закреслено)
БЕЗКОШТОВНО"
,
"Ваші результати
після міні курсу:","Ваші результати
після інтенсиву:"
,
"ЧІТКО РОЗУМІЄТЕ ЩО ВІДБУВАЄТЬСЯ У СВІТІ ТА ЯК ВАМ ДІЯТИ АБИ ВБЕРЕГТИ ВАШ КАПІТАЛ

ЯК НЕ ДОПУСКАТИ ПОМИЛОК В ІНВЕСТУВАННІ, ЯКІ ДУЖЕ ДОРОГО КОШТУЮТЬ

ВІДКРИТИЙ БРОКЕРСЬКИЙ РАХУНОК

ПОЧИНАЄТЕ ФОРМУВАТИ СВІЙ ІНВЕСТИЦІЙНИЙ ПОРТФЕЛЬ

КУПУЄТЕ СВОЇ ПЕРШІ АКЦІЇ

РОЗУМІЄТЕ МЕХАНІКУ КУПІВЛІ АКТИВІВ ДЛЯ ПОДАЛЬШОГО ФОРМУВАННЯ ПОРТФЕЛЮ","РОЗБЕРЕТЕ БАЗУ, БЕЗ ЯКОЇ НЕ МОЖНА ПОЧИНАТИ

ДІЗНАЄТЕСЬ, ЯКІ БУВАЮТЬ КЛАСИ АКТИВІВ, ЩОБ ЗНАТИ КУДИ І ЯК ПОТРІБНО ІНВЕСТУВАТИ

НАВЧИТЕСЬ АНАЛІЗУВАТИ АКТИВИ ПЕРЕД ЇХ ПОКУПКОЮ

СТВОРИТЕ СВІЙ ВЛАСНИЙ ШАБЛОН ІНВЕСТИЦІЙНОГО ПОРТФЕЛЮ

ПОБАЧИТЕ ПОРТФЕЛЬ, ЯКИЙ ПРИНІС 20.000$ ПАСИВНОГО ДОХОДУ

РОЗБЕРЕТЕСЬ ЗА ЯКИМ ПРИНЦИПОМ ФОРМУВАТИ СВІЙ ІНВЕСТИЦІЙ ПОРТФЕЛЬ, ТАК АБИ ВІН ВІДПОВІДАВ ВАШИМ ЦІЛЯМ"
,
"Чи потрібен мені міні курс, якщо я вже маю інвестиційний портфель?","Чи потрібен інтенсив курс, якщо я вже маю інвестиційний портфель?"
,
"Боюсь, що всеодно буде складно технічно розібратись з реєстраціями.","Боюсь, що так і не зрозумію під час ефіру, як створювати інвестиційний портфель"
"На курсі ми даємо максимум чітких покрокових стратегій, для того щоб у вас не залишилось питань, і ви могли самостійно повністю повторити весь шлях","Саме тому у всіх учасників буде домашнє завдання, щоб всі точно засвоїли на практиці всю отриману інформацію та могли користуватись нею в звичайному житті"
,
"Пройшовши міні курс ви точно зможете оцінити всі ризики, які є зараз в світі та прийняти для себе рішення чи починати вам все ж інвестувати зараз чи ні.","Пройшовши інтенсив ви отримаєте інформацію про інвестування, яку зможете використовувати все життя. Тому що це база без якої не варто навіть починати. А коли саме ви використаєте ці знання вже вирішувати вам."